frequency,segment_length,overlap,trainable_params,model_size_mb,training_time,accuracy,auc,recall,precision,f1_score
4,20,0.5,,0.0847320556640625,51.48472476005554,0.8075872659683228,0.8327869176864624,0.6551433205604553,0.3422907590866089,0.21425344049930573
4,30,0.5,,0.0944976806640625,62.892566442489624,0.8173952698707581,0.8700531721115112,0.7251029014587402,0.50342857837677,0.31141868233680725
8,20,0.5,,0.1042633056640625,41.14691877365112,0.8334850668907166,0.8391255736351013,0.6303436756134033,0.3842616379261017,0.21538180112838745
8,30,0.5,,0.1237945556640625,36.02562212944031,0.8404675126075745,0.8710721731185913,0.6661211252212524,0.5586822032928467,0.3129321038722992
16,20,0.5,,0.1433258056640625,43.49937605857849,0.8080930709838867,0.8219740986824036,0.6561723351478577,0.3482849597930908,0.21763432025909424
16,30,0.5,,0.1823883056640625,34.594401836395264,0.8459320068359375,0.8650039434432983,0.6335504651069641,0.579300045967102,0.31422722339630127
