frequency,segment_length,overlap,trainable_params,model_size_mb,training_time,accuracy,auc,recall,precision,f1_score
4,30,0.5,,0.12310791015625,116.09348344802856,0.8283241987228394,0.8588528633117676,0.7037037014961243,0.5258302688598633,0.31141868233680725
8,30,0.5,,0.13873291015625,145.12945747375488,0.8545840978622437,0.8553137183189392,0.6202945709228516,0.605431318283081,0.3129321038722992
16,30,0.5,,0.16802978515625,134.52985286712646,0.8486642241477966,0.8492118716239929,0.587133526802063,0.5953757166862488,0.31422722339630127
