frequency,segment_length,overlap,trainable_params,model_size_mb,training_time,accuracy,auc,recall,precision,f1_score,trainable_parameters
8,30,0.5,,,72.93846201896667,0.9237548112869263,0.9137411713600159,0.732758641242981,0.33596837520599365,0.08510637283325195,27829.0
16,30,0.5,,,22.277554035186768,0.9555214643478394,0.7768980860710144,0.18103447556495667,0.5,0.08516886085271835,43189.0
